{"cameraMode":{"drawMode":0,"name":"Shaded","section":"Shading Mode"},"sceneLighting":false,"audioPlay":false,"sceneViewState":{"m_AlwaysRefresh":false,"showFog":true,"showSkybox":false,"showFlares":true,"showImageEffects":true,"showParticleSystems":true,"showVisualEffectGraphs":true,"m_FxEnabled":true},"in2DMode":false,"pivot":{"x":-5.783221244812012,"y":0.7877628207206726,"z":0.35007789731025698},"rotation":{"x":-0.000014954210200812668,"y":-0.47766298055648806,"z":-0.00037474147393368185,"w":0.8787221908569336},"size":0.009916862472891808,"orthographic":false}